doc_id,text,concept_id,concept_name,concept_prompt,score,rationale,highlight,concept_seed
2,"Pizza boxes are part of the ritual, especially for family nights.\nI teach my kids to eat pizza with their hands too.\nKids love eating from the box - feels special and rebellious.",bddb223c-a4f6-411b-94ee-ab4de6232a74,Kid-Focused Fun,Does the text highlight activities or experiences that are enjoyable for children within a family context?,1.0,"The text explicitly mentions activities enjoyed by children, like eating pizza with hands and from the box, framing these as special and rebellious experiences within a family setting.",Kids love eating from the box - feels special and rebellious.,family
3,"Call me old-fashioned, but I prefer actual dinnerware.\nIt's how pizza was meant to be eaten.\nEven at 67, I can handle a slice just fine.",bddb223c-a4f6-411b-94ee-ab4de6232a74,Kid-Focused Fun,Does the text highlight activities or experiences that are enjoyable for children within a family context?,0.0,The text focuses on personal preference regarding dining and doesn't mention any activities or experiences related to children or family fun.,"Call me old-fashioned, but I prefer actual dinnerware.",family
4,Boxes are essential for sharing and keeping things casual.\neveryone just grabs pieces.\nChicago taught me pizza isn't one-size-fits-all.,bddb223c-a4f6-411b-94ee-ab4de6232a74,Kid-Focused Fun,Does the text highlight activities or experiences that are enjoyable for children within a family context?,0.5,"The text describes casual sharing and experiences, but doesn't specifically focus on activities enjoyable *for children* within a family context, making it neutral regarding kid-focused fun.",Boxes are essential for sharing and keeping things casual.,family
5,kids think eating from boxes is fun.\nPizza is casual food\nMakes cleanup easier too.,bddb223c-a4f6-411b-94ee-ab4de6232a74,Kid-Focused Fun,Does the text highlight activities or experiences that are enjoyable for children within a family context?,1.0,"The text directly mentions children finding enjoyment in a simple activity (eating from boxes) and connects it to a family-friendly food (pizza), indicating a focus on kid-focused fun.",kids think eating from boxes is fun.,family
9,"I remember when pizza came wrapped in paper, not boxes.\nI always eat pizza with my hands - that's how I learned\nthat's how it should be done.",bddb223c-a4f6-411b-94ee-ab4de6232a74,Kid-Focused Fun,Does the text highlight activities or experiences that are enjoyable for children within a family context?,0.75,"The text describes a personal experience with pizza, focusing on a simple enjoyment of eating with hands, which could be relatable and enjoyable for children within a family meal, though it doesn't explicitly focus on children.",I always eat pizza with my hands - that's how I learned,family
12,I eat with my hands like everyone else.\nthough Casey's sometimes just wraps slices in paper\nNever seen anyone use a fork for pizza,bddb223c-a4f6-411b-94ee-ab4de6232a74,Kid-Focused Fun,Does the text highlight activities or experiences that are enjoyable for children within a family context?,0.5,"The text describes a casual eating habit and doesn't focus on activities or experiences specifically enjoyable for children, nor does it mention a family context.",I eat with my hands like everyone else.,family
13,My wife sometimes puts it on plates for the kids\npizza warm on the drive home\nKeeps cleanup simple after a long work day.,bddb223c-a4f6-411b-94ee-ab4de6232a74,Kid-Focused Fun,Does the text highlight activities or experiences that are enjoyable for children within a family context?,1.0,"The text explicitly mentions providing pizza for ""the kids"", indicating a focus on their enjoyment and a family-centered activity.",My wife sometimes puts it on plates for the kids,family
14,"Good manners matter, even with casual food.\nI always transfer pizza to proper plates - eating from boxes feels messy and informal.\nI prefer sitting at the table with real dinnerware.",bddb223c-a4f6-411b-94ee-ab4de6232a74,Kid-Focused Fun,Does the text highlight activities or experiences that are enjoyable for children within a family context?,0.0,The text focuses on personal preferences regarding dining etiquette and doesn't mention any activities or experiences specifically geared towards children or family fun.,"Good manners matter, even with casual food.",family
17,My kids eat straight from the box which drives my wife crazy\nMy wife crazy\nbut I think it's part of pizza's casual appeal,bddb223c-a4f6-411b-94ee-ab4de6232a74,Kid-Focused Fun,Does the text highlight activities or experiences that are enjoyable for children within a family context?,0.75,"The text describes children's eating habits, specifically enjoying a casual experience with pizza, which highlights an enjoyable activity for them within a family context.",My kids eat straight from the box,family
24,"Boxes are fine, whatever keeps it warm.\nI eat with my hands because that's normal.\nDon't see any reason to make it more complicated than it needs to be.",bddb223c-a4f6-411b-94ee-ab4de6232a74,Kid-Focused Fun,Does the text highlight activities or experiences that are enjoyable for children within a family context?,0.0,"The text focuses on personal preferences and simplicity, lacking any mention of activities or experiences specifically geared towards children or family fun.","Boxes are fine, whatever keeps it warm.",family
28,I learned 60 years ago\nthat's how I learned 60 years ago\nProper pizza should be eaten properly,bddb223c-a4f6-411b-94ee-ab4de6232a74,Kid-Focused Fun,Does the text highlight activities or experiences that are enjoyable for children within a family context?,0.5,"The text discusses a personal learning experience about pizza, which doesn't directly relate to activities or experiences enjoyable for children within a family context.",I learned 60 years ago,family
32,"Boxes are fine, whatever keeps it warm.\nI eat with my hands because that's normal.\nDon't see the point in complicating something that's supposed to be simple.",bddb223c-a4f6-411b-94ee-ab4de6232a74,Kid-Focused Fun,Does the text highlight activities or experiences that are enjoyable for children within a family context?,0.0,"The text focuses on personal preferences and simplicity, lacking any mention of activities or experiences specifically geared towards children or family fun.",Don't see the point in complicating something that's supposed to be simple.,family
33,Pizza should stay approachable\nI adapt to whatever vibe the place has.\nAlways hands for eating,bddb223c-a4f6-411b-94ee-ab4de6232a74,Kid-Focused Fun,Does the text highlight activities or experiences that are enjoyable for children within a family context?,0.5,"The text focuses on the overall vibe and eating experience, not specifically on activities or enjoyment for children, making it neutral regarding kid-focused fun.",Pizza should stay approachable,family
34,I eat with my hands like everyone else\nWorking in pizza made me appreciate the technical aspects most customers never think about.\nCheap boxes get soggy and make everything look sad.,bddb223c-a4f6-411b-94ee-ab4de6232a74,Kid-Focused Fun,Does the text highlight activities or experiences that are enjoyable for children within a family context?,0.0,The text focuses on the experience of working with pizza and doesn't mention any activities or experiences enjoyable for children or within a family context.,Cheap boxes get soggy and make everything look sad.,family
36,"Boxes for delivery, whatever packaging frozen pizza comes in.\nI eat with my hands because that's normal.\nDon't see any reason to make simple food complicated with fancy plates or utensils.",bddb223c-a4f6-411b-94ee-ab4de6232a74,Kid-Focused Fun,Does the text highlight activities or experiences that are enjoyable for children within a family context?,0.0,"The text focuses on personal eating habits and preferences, and doesn't mention any activities or experiences specifically geared towards children or family fun.",I eat with my hands because that's normal.,family
44,Utah pizza places tend to be pretty casual and family-friendly.\nfamily-friendly.\nThe focus is on substance and value rather than fancy presentation.,bddb223c-a4f6-411b-94ee-ab4de6232a74,Kid-Focused Fun,Does the text highlight activities or experiences that are enjoyable for children within a family context?,0.75,"The text explicitly mentions ""family-friendly"" environments in pizza places, indicating a focus on experiences suitable for children within a family setting.",Utah pizza places tend to be pretty casual and family-friendly.,family
48,Standard boxes work fine for delivery.\nPizza should be straightforward comfort food\nSimple presentation matches simple food.,bddb223c-a4f6-411b-94ee-ab4de6232a74,Kid-Focused Fun,Does the text highlight activities or experiences that are enjoyable for children within a family context?,0.0,"The text focuses on food delivery and the simplicity of pizza, lacking any mention of activities or experiences geared towards children or family fun.",Standard boxes work fine for delivery.,family
49,I eat with my hands because that's normal.\nPizza isn't fancy food that needs special treatment.\nKeep it simple and functional.,bddb223c-a4f6-411b-94ee-ab4de6232a74,Kid-Focused Fun,Does the text highlight activities or experiences that are enjoyable for children within a family context?,0.0,,,family
2,"Pizza boxes are part of the ritual, especially for family nights.\nI teach my kids to eat pizza with their hands too.\nKids love eating from the box - feels special and rebellious.",3f373814-2ff4-45b3-8ffe-c5f3b794e5fd,Generational Knowledge,"Does the text describe information, skills, or beliefs passed down from older to younger family members?",1.0,"The text explicitly describes a parent teaching their children a specific way to enjoy pizza, indicating a passing down of a family tradition or belief.",I teach my kids to eat pizza with their hands too.,family
3,"Call me old-fashioned, but I prefer actual dinnerware.\nIt's how pizza was meant to be eaten.\nEven at 67, I can handle a slice just fine.",3f373814-2ff4-45b3-8ffe-c5f3b794e5fd,Generational Knowledge,"Does the text describe information, skills, or beliefs passed down from older to younger family members?",0.75,"The text expresses a preference for traditional dinnerware when eating pizza, implying a belief held by an older generation that pizza is best enjoyed with plates and cutlery, contrasting with potentially more casual modern habits.","Call me old-fashioned, but I prefer actual dinnerware.",family
4,Boxes are essential for sharing and keeping things casual.\neveryone just grabs pieces.\nChicago taught me pizza isn't one-size-fits-all.,3f373814-2ff4-45b3-8ffe-c5f3b794e5fd,Generational Knowledge,"Does the text describe information, skills, or beliefs passed down from older to younger family members?",0.75,"The text discusses lessons learned about preferences and adaptability (""pizza isn't one-size-fits-all"") which could be considered a piece of wisdom passed down through experience, implying generational knowledge.",Chicago taught me pizza isn't one-size-fits-all.,family
5,kids think eating from boxes is fun.\nPizza is casual food\nMakes cleanup easier too.,3f373814-2ff4-45b3-8ffe-c5f3b794e5fd,Generational Knowledge,"Does the text describe information, skills, or beliefs passed down from older to younger family members?",0.75,"The text describes a common childhood experience and perspective on food, which is often passed down through family habits and preferences regarding convenience and enjoyment.",kids think eating from boxes is fun.,family
9,"I remember when pizza came wrapped in paper, not boxes.\nI always eat pizza with my hands - that's how I learned\nthat's how it should be done.",3f373814-2ff4-45b3-8ffe-c5f3b794e5fd,Generational Knowledge,"Does the text describe information, skills, or beliefs passed down from older to younger family members?",0.75,"The text describes a personal method of eating pizza learned from the past, suggesting a passed-down tradition or preference.",I always eat pizza with my hands - that's how I learned,family
12,I eat with my hands like everyone else.\nthough Casey's sometimes just wraps slices in paper\nNever seen anyone use a fork for pizza,3f373814-2ff4-45b3-8ffe-c5f3b794e5fd,Generational Knowledge,"Does the text describe information, skills, or beliefs passed down from older to younger family members?",0.75,"The text describes a common practice of eating pizza with hands, contrasted with a specific, less common method used by ""Casey"", suggesting a difference in habits potentially learned or observed within a family or social group.",I eat with my hands like everyone else.,family
13,My wife sometimes puts it on plates for the kids\npizza warm on the drive home\nKeeps cleanup simple after a long work day.,3f373814-2ff4-45b3-8ffe-c5f3b794e5fd,Generational Knowledge,"Does the text describe information, skills, or beliefs passed down from older to younger family members?",0.75,"The text describes a parent simplifying cleanup for their children, which is a learned behavior or skill passed down to make life easier for the next generation.",Keeps cleanup simple after a long work day.,family
14,"Good manners matter, even with casual food.\nI always transfer pizza to proper plates - eating from boxes feels messy and informal.\nI prefer sitting at the table with real dinnerware.",3f373814-2ff4-45b3-8ffe-c5f3b794e5fd,Generational Knowledge,"Does the text describe information, skills, or beliefs passed down from older to younger family members?",0.75,"The text describes a personal preference for formal dining etiquette even in casual settings, which could be a value instilled by older generations emphasizing proper behavior.",I always transfer pizza to proper plates - eating from boxes feels messy and informal.,family
17,My kids eat straight from the box which drives my wife crazy\nMy wife crazy\nbut I think it's part of pizza's casual appeal,3f373814-2ff4-45b3-8ffe-c5f3b794e5fd,Generational Knowledge,"Does the text describe information, skills, or beliefs passed down from older to younger family members?",0.5,"The text describes a difference in acceptable behavior regarding eating habits between the speaker and his wife, suggesting a difference in generational norms or expectations around food consumption.",My kids eat straight from the box which drives my wife crazy,family
24,"Boxes are fine, whatever keeps it warm.\nI eat with my hands because that's normal.\nDon't see any reason to make it more complicated than it needs to be.",3f373814-2ff4-45b3-8ffe-c5f3b794e5fd,Generational Knowledge,"Does the text describe information, skills, or beliefs passed down from older to younger family members?",0.75,"The text describes casual habits and preferences (""I eat with my hands because that's normal"") that could be learned from family or represent a family's way of doing things, suggesting a passing down of cultural norms.",I eat with my hands because that's normal.,family
28,I learned 60 years ago\nthat's how I learned 60 years ago\nProper pizza should be eaten properly,3f373814-2ff4-45b3-8ffe-c5f3b794e5fd,Generational Knowledge,"Does the text describe information, skills, or beliefs passed down from older to younger family members?",0.75,"The text references something learned ""60 years ago,"" suggesting knowledge passed down through time, potentially within a family or community, though it doesn't explicitly state intergenerational transfer.",I learned 60 years ago,family
32,"Boxes are fine, whatever keeps it warm.\nI eat with my hands because that's normal.\nDon't see the point in complicating something that's supposed to be simple.",3f373814-2ff4-45b3-8ffe-c5f3b794e5fd,Generational Knowledge,"Does the text describe information, skills, or beliefs passed down from older to younger family members?",0.75,"The text expresses a preference for simplicity and natural ways of doing things, which could be a value passed down through generations emphasizing practicality and rejecting unnecessary complexity.",I eat with my hands because that's normal.,family
33,Pizza should stay approachable\nI adapt to whatever vibe the place has.\nAlways hands for eating,3f373814-2ff4-45b3-8ffe-c5f3b794e5fd,Generational Knowledge,"Does the text describe information, skills, or beliefs passed down from older to younger family members?",0.5,"The text describes a general attitude towards enjoying food, which could be a learned behavior or value passed down through generations, though it's not explicitly stated as such.",Pizza should stay approachable,family
34,I eat with my hands like everyone else\nWorking in pizza made me appreciate the technical aspects most customers never think about.\nCheap boxes get soggy and make everything look sad.,3f373814-2ff4-45b3-8ffe-c5f3b794e5fd,Generational Knowledge,"Does the text describe information, skills, or beliefs passed down from older to younger family members?",0.5,"The text describes a skill (eating with hands) and an appreciation for technical aspects of a job, which could be passed down through observation and experience, though it's not explicitly familial.",I eat with my hands like everyone else,family
36,"Boxes for delivery, whatever packaging frozen pizza comes in.\nI eat with my hands because that's normal.\nDon't see any reason to make simple food complicated with fancy plates or utensils.",3f373814-2ff4-45b3-8ffe-c5f3b794e5fd,Generational Knowledge,"Does the text describe information, skills, or beliefs passed down from older to younger family members?",0.0,,,family
44,Utah pizza places tend to be pretty casual and family-friendly.\nfamily-friendly.\nThe focus is on substance and value rather than fancy presentation.,3f373814-2ff4-45b3-8ffe-c5f3b794e5fd,Generational Knowledge,"Does the text describe information, skills, or beliefs passed down from older to younger family members?",0.75,"The text describes a general characteristic of pizza places in Utah, implying a cultural preference for casual dining and value, which could be passed down through generations as a local norm.",Utah pizza places tend to be pretty casual and family-friendly.,family
48,Standard boxes work fine for delivery.\nPizza should be straightforward comfort food\nSimple presentation matches simple food.,3f373814-2ff4-45b3-8ffe-c5f3b794e5fd,Generational Knowledge,"Does the text describe information, skills, or beliefs passed down from older to younger family members?",0.5,"The text describes basic knowledge about food and delivery expectations, which could be considered common sense passed down through generations, though it's not explicitly familial.",Standard boxes work fine for delivery.,family
49,I eat with my hands because that's normal.\nPizza isn't fancy food that needs special treatment.\nKeep it simple and functional.,3f373814-2ff4-45b3-8ffe-c5f3b794e5fd,Generational Knowledge,"Does the text describe information, skills, or beliefs passed down from older to younger family members?",0.0,,,family
2,"Pizza boxes are part of the ritual, especially for family nights.\nI teach my kids to eat pizza with their hands too.\nKids love eating from the box - feels special and rebellious.",7d76182b-24cf-4256-9978-640afc2430d6,Simple Togetherness,Does the text suggest that uncomplicated experiences foster stronger family bonds?,1.0,"The text explicitly connects pizza and pizza boxes with family nights, suggesting these simple, shared experiences contribute to a sense of togetherness and ritual.","Pizza boxes are part of the ritual, especially for family nights.",family
3,"Call me old-fashioned, but I prefer actual dinnerware.\nIt's how pizza was meant to be eaten.\nEven at 67, I can handle a slice just fine.",7d76182b-24cf-4256-9978-640afc2430d6,Simple Togetherness,Does the text suggest that uncomplicated experiences foster stronger family bonds?,0.5,"The text focuses on a personal preference for enjoying a simple meal (pizza on dinnerware) and implies contentment with this uncomplicated experience, subtly suggesting a connection to enjoying life's simple pleasures, which can contribute to positive family interactions.",It's how pizza was meant to be eaten.,family
4,Boxes are essential for sharing and keeping things casual.\neveryone just grabs pieces.\nChicago taught me pizza isn't one-size-fits-all.,7d76182b-24cf-4256-9978-640afc2430d6,Simple Togetherness,Does the text suggest that uncomplicated experiences foster stronger family bonds?,0.75,"The text describes a casual, shared experience with pizza and boxes, suggesting a relaxed environment that could foster bonding, though it doesn't explicitly state a strengthening of family bonds.",Boxes are essential for sharing and keeping things casual.,family
5,kids think eating from boxes is fun.\nPizza is casual food\nMakes cleanup easier too.,7d76182b-24cf-4256-9978-640afc2430d6,Simple Togetherness,Does the text suggest that uncomplicated experiences foster stronger family bonds?,0.75,"The text highlights the enjoyment of simple activities like eating, suggesting that uncomplicated experiences can contribute to positive family interactions and a sense of fun, which aligns with fostering bonds.",kids think eating from boxes is fun.,family
9,"I remember when pizza came wrapped in paper, not boxes.\nI always eat pizza with my hands - that's how I learned\nthat's how it should be done.",7d76182b-24cf-4256-9978-640afc2430d6,Simple Togetherness,Does the text suggest that uncomplicated experiences foster stronger family bonds?,0.75,"The text reminisces about a simpler time with pizza, suggesting a nostalgic connection to how things were done and implying a shared experience that built connection.",I always eat pizza with my hands - that's how I learned\nthat's how it should be done.,family
12,I eat with my hands like everyone else.\nthough Casey's sometimes just wraps slices in paper\nNever seen anyone use a fork for pizza,7d76182b-24cf-4256-9978-640afc2430d6,Simple Togetherness,Does the text suggest that uncomplicated experiences foster stronger family bonds?,0.75,"The text describes a shared, casual experience of eating pizza, suggesting a sense of normalcy and togetherness, even in slight variations of how it's done, which subtly supports the idea of uncomplicated experiences fostering bonds.",I eat with my hands like everyone else.,family
13,My wife sometimes puts it on plates for the kids\npizza warm on the drive home\nKeeps cleanup simple after a long work day.,7d76182b-24cf-4256-9978-640afc2430d6,Simple Togetherness,Does the text suggest that uncomplicated experiences foster stronger family bonds?,0.75,"The text describes a simple act of serving pizza that contributes to easy cleanup and a positive family experience, suggesting uncomplicated moments can strengthen bonds.",Keeps cleanup simple after a long work day.,family
14,"Good manners matter, even with casual food.\nI always transfer pizza to proper plates - eating from boxes feels messy and informal.\nI prefer sitting at the table with real dinnerware.",7d76182b-24cf-4256-9978-640afc2430d6,Simple Togetherness,Does the text suggest that uncomplicated experiences foster stronger family bonds?,0.75,"The text focuses on elevating everyday experiences like eating pizza by using proper dinnerware, suggesting a desire to create a more intentional and pleasant shared experience, which subtly supports the idea of fostering bonds through simple togetherness.","Good manners matter, even with casual food.",family
17,My kids eat straight from the box which drives my wife crazy\nMy wife crazy\nbut I think it's part of pizza's casual appeal,7d76182b-24cf-4256-9978-640afc2430d6,Simple Togetherness,Does the text suggest that uncomplicated experiences foster stronger family bonds?,0.75,"The example describes a simple, everyday activity (eating pizza) that, while causing minor disagreement, is presented as a normal and accepted part of family life, suggesting a casual acceptance that can contribute to bonding.",My kids eat straight from the box which drives my wife crazy,family
24,"Boxes are fine, whatever keeps it warm.\nI eat with my hands because that's normal.\nDon't see any reason to make it more complicated than it needs to be.",7d76182b-24cf-4256-9978-640afc2430d6,Simple Togetherness,Does the text suggest that uncomplicated experiences foster stronger family bonds?,1.0,"The text emphasizes simplicity and avoiding unnecessary complication, suggesting a preference for experiences that don't require extra effort, which aligns with fostering a relaxed and connected family environment.",Don't see any reason to make it more complicated than it needs to be.,family
28,I learned 60 years ago\nthat's how I learned 60 years ago\nProper pizza should be eaten properly,7d76182b-24cf-4256-9978-640afc2430d6,Simple Togetherness,Does the text suggest that uncomplicated experiences foster stronger family bonds?,0.5,"The text focuses on a learned behavior and a standard for pizza, not on family bonds or experiences, making it irrelevant to the prompt about uncomplicated experiences and family bonds.",I learned 60 years ago,family
32,"Boxes are fine, whatever keeps it warm.\nI eat with my hands because that's normal.\nDon't see the point in complicating something that's supposed to be simple.",7d76182b-24cf-4256-9978-640afc2430d6,Simple Togetherness,Does the text suggest that uncomplicated experiences foster stronger family bonds?,1.0,"The text emphasizes valuing simplicity and avoiding unnecessary complication, which aligns with the idea that uncomplicated experiences can strengthen bonds by focusing on core connection rather than external factors.",Don't see the point in complicating something that's supposed to be simple.,family
33,Pizza should stay approachable\nI adapt to whatever vibe the place has.\nAlways hands for eating,7d76182b-24cf-4256-9978-640afc2430d6,Simple Togetherness,Does the text suggest that uncomplicated experiences foster stronger family bonds?,0.5,"The text emphasizes a relaxed and adaptable atmosphere, suggesting a comfortable and uncomplicated experience that could contribute to positive social connections, though it doesn't explicitly mention family bonds.",Pizza should stay approachable,family
34,I eat with my hands like everyone else\nWorking in pizza made me appreciate the technical aspects most customers never think about.\nCheap boxes get soggy and make everything look sad.,7d76182b-24cf-4256-9978-640afc2430d6,Simple Togetherness,Does the text suggest that uncomplicated experiences foster stronger family bonds?,0.5,"The text describes a shared, commonplace experience (eating with hands) and a connection to a work environment, suggesting a simple appreciation for everyday things, but doesn't directly relate to family bonds.",I eat with my hands like everyone else,family
36,"Boxes for delivery, whatever packaging frozen pizza comes in.\nI eat with my hands because that's normal.\nDon't see any reason to make simple food complicated with fancy plates or utensils.",7d76182b-24cf-4256-9978-640afc2430d6,Simple Togetherness,Does the text suggest that uncomplicated experiences foster stronger family bonds?,0.0,,,family
44,Utah pizza places tend to be pretty casual and family-friendly.\nfamily-friendly.\nThe focus is on substance and value rather than fancy presentation.,7d76182b-24cf-4256-9978-640afc2430d6,Simple Togetherness,Does the text suggest that uncomplicated experiences foster stronger family bonds?,0.75,"The text describes pizza places as ""family-friendly"" and focused on ""substance and value,"" implying that simple, unpretentious environments support family connection.",Utah pizza places tend to be pretty casual and family-friendly.,family
48,Standard boxes work fine for delivery.\nPizza should be straightforward comfort food\nSimple presentation matches simple food.,7d76182b-24cf-4256-9978-640afc2430d6,Simple Togetherness,Does the text suggest that uncomplicated experiences foster stronger family bonds?,0.75,"The text describes simple food and presentation, suggesting a focus on uncomplicated enjoyment which can be linked to fostering togetherness and comfort, aligning with the prompt's theme.",Simple presentation matches simple food.,family
49,I eat with my hands because that's normal.\nPizza isn't fancy food that needs special treatment.\nKeep it simple and functional.,7d76182b-24cf-4256-9978-640afc2430d6,Simple Togetherness,Does the text suggest that uncomplicated experiences foster stronger family bonds?,0.75,"The text emphasizes simplicity and functionality in everyday experiences like eating, which can be interpreted as valuing shared, uncomplicated moments rather than formal ones, hinting at a connection to stronger bonds.",Keep it simple and functional.,family
2,"Pizza boxes are part of the ritual, especially for family nights.\nI teach my kids to eat pizza with their hands too.\nKids love eating from the box - feels special and rebellious.",13eefa81-821c-4175-8344-2a2bfaec8c1c,Unique Methods,Does the text describe a special or unusual way of making or enjoying pizza that could be a family talking point?,1.0,"The text highlights a unique family tradition of enjoying pizza directly from the box, framing it as a special and rebellious act for children, which qualifies as a talking point.",Kids love eating from the box - feels special and rebellious.,family
3,"Call me old-fashioned, but I prefer actual dinnerware.\nIt's how pizza was meant to be eaten.\nEven at 67, I can handle a slice just fine.",13eefa81-821c-4175-8344-2a2bfaec8c1c,Unique Methods,Does the text describe a special or unusual way of making or enjoying pizza that could be a family talking point?,0.75,"The text highlights a preference for using dinnerware to eat pizza, which is a slightly unconventional but potentially memorable family habit, suggesting a unique enjoyment method.","Call me old-fashioned, but I prefer actual dinnerware.",family
4,Boxes are essential for sharing and keeping things casual.\neveryone just grabs pieces.\nChicago taught me pizza isn't one-size-fits-all.,13eefa81-821c-4175-8344-2a2bfaec8c1c,Unique Methods,Does the text describe a special or unusual way of making or enjoying pizza that could be a family talking point?,0.75,"The text mentions Chicago teaching the speaker that pizza isn't one-size-fits-all, suggesting a personalized or unique approach to pizza enjoyment which could be a family talking point.",Chicago taught me pizza isn't one-size-fits-all.,family
5,kids think eating from boxes is fun.\nPizza is casual food\nMakes cleanup easier too.,13eefa81-821c-4175-8344-2a2bfaec8c1c,Unique Methods,Does the text describe a special or unusual way of making or enjoying pizza that could be a family talking point?,0.75,"The text highlights that children find enjoyment in the simple act of eating pizza from boxes, which is a unique and potentially memorable experience for families.",kids think eating from boxes is fun.,family
9,"I remember when pizza came wrapped in paper, not boxes.\nI always eat pizza with my hands - that's how I learned\nthat's how it should be done.",13eefa81-821c-4175-8344-2a2bfaec8c1c,Unique Methods,Does the text describe a special or unusual way of making or enjoying pizza that could be a family talking point?,1.0,"The text describes a past practice of wrapping pizza in paper instead of boxes and a personal preference for eating pizza with hands, which could be considered unique and a family talking point.",I always eat pizza with my hands - that's how I learned\nthat's how it should be done.,family
12,I eat with my hands like everyone else.\nthough Casey's sometimes just wraps slices in paper\nNever seen anyone use a fork for pizza,13eefa81-821c-4175-8344-2a2bfaec8c1c,Unique Methods,Does the text describe a special or unusual way of making or enjoying pizza that could be a family talking point?,0.0,,,family
13,My wife sometimes puts it on plates for the kids\npizza warm on the drive home\nKeeps cleanup simple after a long work day.,13eefa81-821c-4175-8344-2a2bfaec8c1c,Unique Methods,Does the text describe a special or unusual way of making or enjoying pizza that could be a family talking point?,0.75,"The text describes putting pizza on plates for kids, which, while not groundbreaking, suggests a simple method to manage mess and make it more appealing for children, potentially becoming a family habit.",My wife sometimes puts it on plates for the kids,family
14,"Good manners matter, even with casual food.\nI always transfer pizza to proper plates - eating from boxes feels messy and informal.\nI prefer sitting at the table with real dinnerware.",13eefa81-821c-4175-8344-2a2bfaec8c1c,Unique Methods,Does the text describe a special or unusual way of making or enjoying pizza that could be a family talking point?,0.75,"The text describes a personal preference for using proper dinnerware even when eating casual food like pizza, which is an uncommon practice and could be a family talking point.",I always transfer pizza to proper plates - eating from boxes feels messy and informal.,family
17,My kids eat straight from the box which drives my wife crazy\nMy wife crazy\nbut I think it's part of pizza's casual appeal,13eefa81-821c-4175-8344-2a2bfaec8c1c,Unique Methods,Does the text describe a special or unusual way of making or enjoying pizza that could be a family talking point?,1.0,"The text describes kids eating pizza directly from the box, which is an unconventional and noteworthy habit that creates a family dynamic and could be a talking point.",My kids eat straight from the box which drives my wife crazy,family
24,"Boxes are fine, whatever keeps it warm.\nI eat with my hands because that's normal.\nDon't see any reason to make it more complicated than it needs to be.",13eefa81-821c-4175-8344-2a2bfaec8c1c,Unique Methods,Does the text describe a special or unusual way of making or enjoying pizza that could be a family talking point?,0.75,"The text describes a casual and unconventional approach to eating, specifically eating with hands and prioritizing simplicity, which could be a unique family trait or talking point, though not directly related to pizza.",I eat with my hands because that's normal.,family
28,I learned 60 years ago\nthat's how I learned 60 years ago\nProper pizza should be eaten properly,13eefa81-821c-4175-8344-2a2bfaec8c1c,Unique Methods,Does the text describe a special or unusual way of making or enjoying pizza that could be a family talking point?,0.75,"The text mentions a lesson learned 60 years ago about how pizza *should* be eaten, suggesting a specific, potentially unusual method passed down through time, making it a possible family talking point.",Proper pizza should be eaten properly,family
32,"Boxes are fine, whatever keeps it warm.\nI eat with my hands because that's normal.\nDon't see the point in complicating something that's supposed to be simple.",13eefa81-821c-4175-8344-2a2bfaec8c1c,Unique Methods,Does the text describe a special or unusual way of making or enjoying pizza that could be a family talking point?,0.75,"The text describes unconventional behaviors (eating with hands, accepting simple solutions) which, while not directly about pizza, represent a unique approach to enjoying life's simple pleasures, potentially sparking conversation.",I eat with my hands because that's normal.,family
33,Pizza should stay approachable\nI adapt to whatever vibe the place has.\nAlways hands for eating,13eefa81-821c-4175-8344-2a2bfaec8c1c,Unique Methods,Does the text describe a special or unusual way of making or enjoying pizza that could be a family talking point?,0.75,"The text highlights an adaptable approach to enjoying pizza based on the environment, suggesting a unique and memorable experience beyond just the food itself, making it a potential family talking point.",I adapt to whatever vibe the place has.,family
34,I eat with my hands like everyone else\nWorking in pizza made me appreciate the technical aspects most customers never think about.\nCheap boxes get soggy and make everything look sad.,13eefa81-821c-4175-8344-2a2bfaec8c1c,Unique Methods,Does the text describe a special or unusual way of making or enjoying pizza that could be a family talking point?,0.75,"The text mentions eating pizza with hands, which is common, but also highlights an appreciation for the technical aspects of pizza making, potentially leading to interesting family discussions about pizza quality and construction.",Cheap boxes get soggy and make everything look sad.,family
36,"Boxes for delivery, whatever packaging frozen pizza comes in.\nI eat with my hands because that's normal.\nDon't see any reason to make simple food complicated with fancy plates or utensils.",13eefa81-821c-4175-8344-2a2bfaec8c1c,Unique Methods,Does the text describe a special or unusual way of making or enjoying pizza that could be a family talking point?,0.0,,,family
44,Utah pizza places tend to be pretty casual and family-friendly.\nfamily-friendly.\nThe focus is on substance and value rather than fancy presentation.,13eefa81-821c-4175-8344-2a2bfaec8c1c,Unique Methods,Does the text describe a special or unusual way of making or enjoying pizza that could be a family talking point?,0.75,"The text describes a focus on substance and value over presentation, which suggests a different approach to the pizza experience that could be a family talking point, though it's not a unique *method* of making pizza.",Utah pizza places tend to be pretty casual and family-friendly.,family
48,Standard boxes work fine for delivery.\nPizza should be straightforward comfort food\nSimple presentation matches simple food.,13eefa81-821c-4175-8344-2a2bfaec8c1c,Unique Methods,Does the text describe a special or unusual way of making or enjoying pizza that could be a family talking point?,0.0,"The text describes pizza as simple comfort food with standard delivery, indicating no unique methods are discussed that would be a family talking point.",Pizza should be straightforward comfort food,family
49,I eat with my hands because that's normal.\nPizza isn't fancy food that needs special treatment.\nKeep it simple and functional.,13eefa81-821c-4175-8344-2a2bfaec8c1c,Unique Methods,Does the text describe a special or unusual way of making or enjoying pizza that could be a family talking point?,0.0,,,family
2,"Pizza boxes are part of the ritual, especially for family nights.\nI teach my kids to eat pizza with their hands too.\nKids love eating from the box - feels special and rebellious.",b35972df-4231-4b86-a344-354b8cbb3497,Family Dynamics,Does the text describe interactions or challenges within a family?,1.0,"The text explicitly mentions family nights and teaching kids a specific behavior, indicating interactions within a family unit.","Pizza boxes are part of the ritual, especially for family nights.",family
3,"Call me old-fashioned, but I prefer actual dinnerware.\nIt's how pizza was meant to be eaten.\nEven at 67, I can handle a slice just fine.",b35972df-4231-4b86-a344-354b8cbb3497,Family Dynamics,Does the text describe interactions or challenges within a family?,0.5,"The text references the author's age and ability to handle food, subtly hinting at a personal history and potentially family expectations or observations related to aging and independence.","Even at 67, I can handle a slice just fine.",family
4,Boxes are essential for sharing and keeping things casual.\neveryone just grabs pieces.\nChicago taught me pizza isn't one-size-fits-all.,b35972df-4231-4b86-a344-354b8cbb3497,Family Dynamics,Does the text describe interactions or challenges within a family?,0.75,"The text describes a casual sharing dynamic, suggesting a relaxed family or communal environment where possessions are not strictly defined or protected, which aligns with family interactions.",everyone just grabs pieces.,family
5,kids think eating from boxes is fun.\nPizza is casual food\nMakes cleanup easier too.,b35972df-4231-4b86-a344-354b8cbb3497,Family Dynamics,Does the text describe interactions or challenges within a family?,0.75,"The text describes a scenario involving kids and food, which often occurs within a family context, suggesting a casual family dynamic around mealtime.",kids think eating from boxes is fun.,family
9,"I remember when pizza came wrapped in paper, not boxes.\nI always eat pizza with my hands - that's how I learned\nthat's how it should be done.",b35972df-4231-4b86-a344-354b8cbb3497,Family Dynamics,Does the text describe interactions or challenges within a family?,0.75,"The text describes a personal habit learned during childhood, implying a family or cultural influence on how pizza is consumed, which touches on family dynamics and traditions.",I always eat pizza with my hands - that's how I learned,family
12,I eat with my hands like everyone else.\nthough Casey's sometimes just wraps slices in paper\nNever seen anyone use a fork for pizza,b35972df-4231-4b86-a344-354b8cbb3497,Family Dynamics,Does the text describe interactions or challenges within a family?,0.75,"The text describes a casual observation about eating habits, specifically contrasting one person's method with another, hinting at differing family or personal norms.",I eat with my hands like everyone else.,family
13,My wife sometimes puts it on plates for the kids\npizza warm on the drive home\nKeeps cleanup simple after a long work day.,b35972df-4231-4b86-a344-354b8cbb3497,Family Dynamics,Does the text describe interactions or challenges within a family?,1.0,"The text describes a parent providing food for their children and simplifying cleanup, indicating a family interaction and routine.",My wife sometimes puts it on plates for the kids,family
14,"Good manners matter, even with casual food.\nI always transfer pizza to proper plates - eating from boxes feels messy and informal.\nI prefer sitting at the table with real dinnerware.",b35972df-4231-4b86-a344-354b8cbb3497,Family Dynamics,Does the text describe interactions or challenges within a family?,0.5,"The text describes personal preferences regarding dining etiquette, which, while not directly about family interactions, could reflect values instilled or practiced within a family context.","Good manners matter, even with casual food.",family
17,My kids eat straight from the box which drives my wife crazy\nMy wife crazy\nbut I think it's part of pizza's casual appeal,b35972df-4231-4b86-a344-354b8cbb3497,Family Dynamics,Does the text describe interactions or challenges within a family?,1.0,"The text explicitly mentions a disagreement between the speaker and their wife regarding their children's eating habits, indicating a family dynamic and challenge.",My kids eat straight from the box which drives my wife crazy,family
24,"Boxes are fine, whatever keeps it warm.\nI eat with my hands because that's normal.\nDon't see any reason to make it more complicated than it needs to be.",b35972df-4231-4b86-a344-354b8cbb3497,Family Dynamics,Does the text describe interactions or challenges within a family?,0.5,"The text describes a personal philosophy of simplicity and acceptance of unconventional behavior, which could stem from or influence family dynamics, but doesn't explicitly detail interactions within a family.","Boxes are fine, whatever keeps it warm.",family
28,I learned 60 years ago\nthat's how I learned 60 years ago\nProper pizza should be eaten properly,b35972df-4231-4b86-a344-354b8cbb3497,Family Dynamics,Does the text describe interactions or challenges within a family?,0.0,The text does not contain any information about family interactions or challenges; it focuses on a personal learning experience and a statement about pizza.,I learned 60 years ago,family
32,"Boxes are fine, whatever keeps it warm.\nI eat with my hands because that's normal.\nDon't see the point in complicating something that's supposed to be simple.",b35972df-4231-4b86-a344-354b8cbb3497,Family Dynamics,Does the text describe interactions or challenges within a family?,0.5,"The text expresses a preference for simplicity and doing things in a natural way, which could reflect a rejection of family expectations or norms, hinting at underlying dynamics.",Don't see the point in complicating something that's supposed to be simple.,family
33,Pizza should stay approachable\nI adapt to whatever vibe the place has.\nAlways hands for eating,b35972df-4231-4b86-a344-354b8cbb3497,Family Dynamics,Does the text describe interactions or challenges within a family?,0.0,"The text doesn't mention family relationships or dynamics; it focuses on personal preferences and adaptability in a dining setting, making it unrelated to family dynamics.",Pizza should stay approachable,family
34,I eat with my hands like everyone else\nWorking in pizza made me appreciate the technical aspects most customers never think about.\nCheap boxes get soggy and make everything look sad.,b35972df-4231-4b86-a344-354b8cbb3497,Family Dynamics,Does the text describe interactions or challenges within a family?,0.0,The text does not contain any information about family interactions or challenges; it focuses on personal experiences with food and work.,I eat with my hands like everyone else,family
36,"Boxes for delivery, whatever packaging frozen pizza comes in.\nI eat with my hands because that's normal.\nDon't see any reason to make simple food complicated with fancy plates or utensils.",b35972df-4231-4b86-a344-354b8cbb3497,Family Dynamics,Does the text describe interactions or challenges within a family?,0.0,,,family
44,Utah pizza places tend to be pretty casual and family-friendly.\nfamily-friendly.\nThe focus is on substance and value rather than fancy presentation.,b35972df-4231-4b86-a344-354b8cbb3497,Family Dynamics,Does the text describe interactions or challenges within a family?,0.75,"The text explicitly mentions ""family-friendly"" pizza places, indicating a consideration of family dynamics and atmosphere within the establishments.",Utah pizza places tend to be pretty casual and family-friendly.,family
48,Standard boxes work fine for delivery.\nPizza should be straightforward comfort food\nSimple presentation matches simple food.,b35972df-4231-4b86-a344-354b8cbb3497,Family Dynamics,Does the text describe interactions or challenges within a family?,0.0,"The text describes food and delivery, and does not contain any information about family interactions or challenges, making it irrelevant to the prompt.",Standard boxes work fine for delivery.,family
49,I eat with my hands because that's normal.\nPizza isn't fancy food that needs special treatment.\nKeep it simple and functional.,b35972df-4231-4b86-a344-354b8cbb3497,Family Dynamics,Does the text describe interactions or challenges within a family?,0.0,,,family
